entity_1_type,entity_2_type,relation,n
Species,Chemical,affects,477
Gene,Species,affects,312
Species,Species,part_of,306
Species,Disease,experiences,289
Species,Disease,causes,286
Species,Disease,affects,229
Species,Disease,Associated_with,198
Gene,Species,part_of,193
Gene,Chemical,affects,180
Species,Chemical,part_of,169
Gene,Species,experiences,161
Disease,Disease,causes,161
Gene,Gene,affects,139
Gene,Disease,causes,124
Species,Chemical,Interacts_with,124
Chemical,Chemical,Interacts_with,121
Species,Species,experiences,120
Chemical,Chemical,affects,119
Chemical,Disease,causes,115
Species,Chemical,experiences,115
Chemical,Chemical,part_of,114
Species,Chemical,increase,109
Disease,Disease,Associated_with,104
Gene,Chemical,Interacts_with,102
Gene,Gene,part_of,94
Gene,Disease,affects,90
Gene,Chemical,increase,87
Gene,Disease,Associated_with,86
Species,Chemical,decrease,86
Species,Chemical,start,85
Chemical,Disease,Associated_with,84
Species,Disease,decrease,80
Chemical,Chemical,start,80
Species,Chemical,worsen,79
Chemical,Disease,increase,76
Species,Disease,worsen,75
Chemical,Disease,affects,74
Species,Disease,part_of,67
Chemical,Disease,decrease,64
Species,Chemical,improve,63
Gene,Chemical,start,63
Species,Species,affects,63
Chemical,Chemical,increase,62
Gene,Chemical,decrease,61
Species,Disease,increase,60
Chemical,Chemical,decrease,59
Disease,Chemical,affects,57
Gene,Disease,increase,56
Gene,Chemical,part_of,53
Species,Chemical,Associated_with,50
Species,Disease,possible,49
Species,Disease,improve,48
Gene,Species,decrease,45
Species,Disease,prevents,43
Species,Chemical,Location_of,42
Gene,Species,Interacts_with,42
Chemical,Disease,improve,41
Gene,Species,increase,40
Gene,Chemical,Associated_with,40
Gene,Disease,decrease,39
Species,Chemical,causes,39
Gene,Gene,Associated_with,38
Gene,Gene,Interacts_with,36
Chemical,Disease,prevents,35
Disease,Disease,affects,35
Disease,Species,experiences,34
Gene,Chemical,improve,34
Disease,Disease,part_of,33
Gene,Species,start,30
Disease,Chemical,causes,30
Chemical,Chemical,improve,29
Gene,Disease,worsen,27
Chemical,Disease,start,27
Species,Disease,Marker/Mechanism,26
Species,Gene,affects,24
Disease,Chemical,Associated_with,24
Chemical,Chemical,Physically_related_to,23
Chemical,Disease,Interacts_with,23
Gene,Disease,Location_of,22
Gene,Gene,increase,22
Gene,Species,improve,20
Gene,Disease,Marker/Mechanism,20
Gene,Disease,experiences,20
Gene,Chemical,worsen,19
Disease,Chemical,increase,18
Species,Species,decrease,18
Gene,Disease,possible,17
Chemical,Disease,worsen,17
Chemical,Disease,possible,17
Species,Species,Interacts_with,17
Disease,Chemical,decrease,17
Gene,Gene,Location_of,17
Gene,Chemical,Location_of,16
Chemical,Chemical,Location_of,16
Disease,Species,part_of,16
Gene,Gene,decrease,16
Gene,Disease,prevents,15
Gene,Disease,start,15
Disease,Chemical,Interacts_with,15
Gene,Species,Location_of,15
Gene,Chemical,possible,15
Disease,Species,affects,14
Species,Species,Associated_with,14
Gene,Disease,improve,14
Gene,Species,Associated_with,14
Species,Species,increase,14
Disease,Gene,affects,14
Disease,Chemical,start,14
Species,Chemical,Physically_related_to,14
Species,Disease,Location_of,13
Gene,Chemical,experiences,13
Disease,Chemical,possible,13
Species,Chemical,possible,13
Species,Gene,experiences,13
Gene,Chemical,causes,13
Disease,Disease,Marker/Mechanism,12
Disease,Disease,possible,12
Disease,Chemical,part_of,12
Gene,Disease,part_of,12
Disease,Disease,decrease,12
Gene,Species,worsen,11
Chemical,Chemical,prevents,11
Species,Disease,Interacts_with,11
Gene,Gene,worsen,11
Chemical,Disease,Marker/Mechanism,10
Disease,Chemical,Physically_related_to,10
Chemical,Disease,part_of,10
Chemical,Disease,treats,10
Gene,Chemical,Physically_related_to,9
Species,Gene,Associated_with,9
Chemical,Chemical,causes,9
Disease,Disease,worsen,9
Chemical,Mutation,start,9
Chemical,Disease,experiences,9
Species,Species,worsen,8
Disease,Chemical,worsen,8
Disease,Disease,prevents,8
Disease,Disease,increase,8
Chemical,Chemical,Associated_with,8
Species,Gene,increase,8
Species,Mutation,part_of,8
Species,Disease,start,8
Disease,Chemical,prevents,8
Gene,Chemical,Negative_correlation,8
Gene,Gene,start,8
Chemical,Chemical,possible,8
Gene,Mutation,part_of,8
Species,CellLine,Location_of,8
Gene,Disease,Interacts_with,8
Disease,Chemical,improve,7
Species,Gene,part_of,7
Chemical,Chemical,worsen,7
Species,Mutation,experiences,7
Gene,Disease,Negative_correlation,7
Gene,Gene,improve,7
Species,Mutation,affects,7
Chemical,Mutation,Interacts_with,6
Species,Species,improve,6
Gene,Chemical,prevents,6
Gene,Gene,possible,6
Species,CellLine,affects,6
Species,Disease,treats,6
Gene,Gene,experiences,6
Species,CellLine,worsen,6
Species,Species,start,5
Species,Chemical,treats,5
Chemical,Disease,Location_of,5
Chemical,Mutation,affects,5
Disease,Chemical,Location_of,5
Disease,Disease,experiences,5
Mutation,Mutation,affects,5
Gene,Disease,treats,5
Gene,Species,prevents,4
Gene,Gene,Negative_correlation,4
Chemical,Gene,improve,4
Chemical,CellLine,affects,4
Chemical,CellLine,Interacts_with,4
Chemical,Mutation,part_of,4
Species,Disease,Negative_correlation,4
Species,Chemical,prevents,4
Disease,CellLine,worsen,4
Chemical,Mutation,increase,4
Species,Species,treats,4
Chemical,Mutation,Associated_with,4
Disease,Disease,Location_of,4
Gene,Chemical,treats,4
Disease,Mutation,Associated_with,3
Disease,Disease,improve,3
Chemical,Mutation,decrease,3
Chemical,Species,Interacts_with,3
Gene,Mutation,Associated_with,3
Gene,CellLine,affects,3
Disease,Chemical,experiences,3
Gene,Species,Negative_correlation,3
Species,Gene,decrease,3
Species,Mutation,Associated_with,3
Gene,Mutation,increase,3
Gene,Mutation,affects,3
Mutation,Mutation,part_of,3
Gene,Species,possible,3
Species,Gene,worsen,3
Chemical,Chemical,experiences,3
Chemical,CellLine,Location_of,2
Chemical,CellLine,improve,2
Chemical,CellLine,part_of,2
Species,Gene,Location_of,2
Species,Gene,Interacts_with,2
Chemical,Disease,Negative_correlation,2
Species,Species,Negative_correlation,2
Species,Mutation,increase,2
Species,Gene,prevents,2
Species,Species,causes,2
Gene,Mutation,Interacts_with,2
Species,CellLine,part_of,2
Disease,Mutation,affects,2
Gene,Chemical,Marker/Mechanism,2
Disease,Disease,Negative_correlation,2
Gene,CellLine,decrease,2
Gene,CellLine,Location_of,2
Gene,CellLine,Interacts_with,2
Disease,Disease,treats,2
Disease,Gene,Associated_with,2
CellLine,CellLine,Location_of,2
CellLine,Chemical,affects,2
Disease,CellLine,Interacts_with,2
Disease,CellLine,affects,2
Species,Gene,possible,1
Gene,Mutation,Negative_correlation,1
Species,Mutation,decrease,1
Species,Mutation,improve,1
Species,Gene,causes,1
Species,Gene,improve,1
Species,Mutation,Interacts_with,1
Chemical,CellLine,start,1
Chemical,CellLine,worsen,1
Chemical,Chemical,treats,1
Disease,Mutation,worsen,1
Disease,Mutation,start,1
Disease,Mutation,part_of,1
Disease,Mutation,causes,1
Gene,Gene,treats,1
Species,CellLine,increase,1
Species,CellLine,improve,1
Species,CellLine,decrease,1
Gene,Mutation,decrease,1
Species,CellLine,Interacts_with,1
Gene,Species,causes,1
Gene,Mutation,worsen,1
Gene,CellLine,improve,1
Gene,CellLine,part_of,1
Disease,Species,improve,1
Disease,Disease,start,1
Chemical,Mutation,Negative_correlation,1
Chemical,Gene,increase,1
Chemical,Gene,affects,1
Disease,Gene,part_of,1
Chemical,Species,experiences,1
Disease,CellLine,Location_of,1
Chemical,Species,affects,1
Chemical,Mutation,Physically_related_to,1
Disease,Chemical,Marker/Mechanism,1
Disease,CellLine,part_of,1
Species,Chemical,Marker/Mechanism,1
Species,Chemical,Negative_correlation,1
CellLine,Chemical,prevents,1
CellLine,Disease,causes,1
CellLine,Chemical,part_of,1
Species,Species,possible,1
