PMC,n_relations,n_sentences,pmc_url,pmid,doi,title,journal,year
PMC2859213,143,46,https://www.ncbi.nlm.nih.gov/pmc/articles/PMC2859213/,,,,,
PMC3645302,68,19,https://www.ncbi.nlm.nih.gov/pmc/articles/PMC3645302/,,,,,
PMC3957428,118,32,https://www.ncbi.nlm.nih.gov/pmc/articles/PMC3957428/,,,,,
PMC4048947,76,17,https://www.ncbi.nlm.nih.gov/pmc/articles/PMC4048947/,,,,,
PMC4268032,130,39,https://www.ncbi.nlm.nih.gov/pmc/articles/PMC4268032/,,,,,
PMC4269104,134,42,https://www.ncbi.nlm.nih.gov/pmc/articles/PMC4269104/,,,,,
PMC4442490,164,41,https://www.ncbi.nlm.nih.gov/pmc/articles/PMC4442490/,,,,,
PMC4443817,127,32,https://www.ncbi.nlm.nih.gov/pmc/articles/PMC4443817/,,,,,
PMC4498258,226,69,https://www.ncbi.nlm.nih.gov/pmc/articles/PMC4498258/,,,,,
PMC4633303,150,44,https://www.ncbi.nlm.nih.gov/pmc/articles/PMC4633303/,,,,,
PMC4681099,117,37,https://www.ncbi.nlm.nih.gov/pmc/articles/PMC4681099/,,,,,
PMC4689191,106,37,https://www.ncbi.nlm.nih.gov/pmc/articles/PMC4689191/,,,,,
PMC4748966,192,63,https://www.ncbi.nlm.nih.gov/pmc/articles/PMC4748966/,,,,,
PMC4900921,111,26,https://www.ncbi.nlm.nih.gov/pmc/articles/PMC4900921/,,,,,
PMC4915943,89,29,https://www.ncbi.nlm.nih.gov/pmc/articles/PMC4915943/,,,,,
PMC5050011,96,33,https://www.ncbi.nlm.nih.gov/pmc/articles/PMC5050011/,,,,,
PMC5534341,328,99,https://www.ncbi.nlm.nih.gov/pmc/articles/PMC5534341/,,,,,
PMC5555213,102,35,https://www.ncbi.nlm.nih.gov/pmc/articles/PMC5555213/,,,,,
PMC5764785,166,51,https://www.ncbi.nlm.nih.gov/pmc/articles/PMC5764785/,,,,,
PMC5790183,202,52,https://www.ncbi.nlm.nih.gov/pmc/articles/PMC5790183/,,,,,
PMC5804340,156,44,https://www.ncbi.nlm.nih.gov/pmc/articles/PMC5804340/,,,,,
PMC5901730,6,3,https://www.ncbi.nlm.nih.gov/pmc/articles/PMC5901730/,,,,,
PMC5991619,229,56,https://www.ncbi.nlm.nih.gov/pmc/articles/PMC5991619/,,,,,
PMC6108420,104,34,https://www.ncbi.nlm.nih.gov/pmc/articles/PMC6108420/,,,,,
PMC6296223,101,35,https://www.ncbi.nlm.nih.gov/pmc/articles/PMC6296223/,,,,,
PMC6312102,331,98,https://www.ncbi.nlm.nih.gov/pmc/articles/PMC6312102/,,,,,
PMC6377322,299,119,https://www.ncbi.nlm.nih.gov/pmc/articles/PMC6377322/,,,,,
PMC6650278,169,68,https://www.ncbi.nlm.nih.gov/pmc/articles/PMC6650278/,,,,,
PMC6683325,149,47,https://www.ncbi.nlm.nih.gov/pmc/articles/PMC6683325/,,,,,
PMC6716579,38,19,https://www.ncbi.nlm.nih.gov/pmc/articles/PMC6716579/,,,,,
PMC6801109,199,75,https://www.ncbi.nlm.nih.gov/pmc/articles/PMC6801109/,,,,,
PMC6813786,55,22,https://www.ncbi.nlm.nih.gov/pmc/articles/PMC6813786/,,,,,
PMC6938237,50,26,https://www.ncbi.nlm.nih.gov/pmc/articles/PMC6938237/,,,,,
PMC7319900,64,29,https://www.ncbi.nlm.nih.gov/pmc/articles/PMC7319900/,,,,,
PMC7320173,61,16,https://www.ncbi.nlm.nih.gov/pmc/articles/PMC7320173/,,,,,
PMC7430034,152,51,https://www.ncbi.nlm.nih.gov/pmc/articles/PMC7430034/,,,,,
PMC7467841,215,73,https://www.ncbi.nlm.nih.gov/pmc/articles/PMC7467841/,,,,,
PMC7606741,283,90,https://www.ncbi.nlm.nih.gov/pmc/articles/PMC7606741/,,,,,
PMC7841622,165,65,https://www.ncbi.nlm.nih.gov/pmc/articles/PMC7841622/,,,,,
PMC7954923,156,56,https://www.ncbi.nlm.nih.gov/pmc/articles/PMC7954923/,,,,,
PMC7954989,254,85,https://www.ncbi.nlm.nih.gov/pmc/articles/PMC7954989/,,,,,
PMC8050837,52,17,https://www.ncbi.nlm.nih.gov/pmc/articles/PMC8050837/,,,,,
PMC8276089,151,58,https://www.ncbi.nlm.nih.gov/pmc/articles/PMC8276089/,,,,,
PMC8346519,272,78,https://www.ncbi.nlm.nih.gov/pmc/articles/PMC8346519/,,,,,
PMC8429275,169,56,https://www.ncbi.nlm.nih.gov/pmc/articles/PMC8429275/,,,,,
PMC8521648,125,34,https://www.ncbi.nlm.nih.gov/pmc/articles/PMC8521648/,,,,,
PMC8712374,279,100,https://www.ncbi.nlm.nih.gov/pmc/articles/PMC8712374/,,,,,
PMC8904204,184,57,https://www.ncbi.nlm.nih.gov/pmc/articles/PMC8904204/,,,,,
PMC9035980,205,69,https://www.ncbi.nlm.nih.gov/pmc/articles/PMC9035980/,,,,,
PMC9082339,145,56,https://www.ncbi.nlm.nih.gov/pmc/articles/PMC9082339/,,,,,
PMC9332131,139,54,https://www.ncbi.nlm.nih.gov/pmc/articles/PMC9332131/,,,,,
PMC9554112,634,253,https://www.ncbi.nlm.nih.gov/pmc/articles/PMC9554112/,,,,,
